x0, x1, epsAdjoints0, epsAdjoints1
1.5969807786597032e+00, -1.0291030158787191e+00, 2.1157776577807499e-01, 1.2820846560873906e+00
